akey,resourceId,override
11,LA43233,60
12,LA43234,61
13,LA43235,62
14,LA43236,63
15,LA43237,64
16,LA43238,65
17,LA43239,66
18,LA43240,67
19,LA43241,68
20,LA43242,69
21,LA43243,70
22,LA43244,71
23,LA43245,72
24,LA43246,73
25,LA43247,74
26,LA43248,75
27,LA43249,76
28,LA43250,77
29,LA43251,78
30,LA43252,79
31,LA43253,80
32,LA43254,81
33,LA43255,82
34,LA43256,83
35,LA43257,84
36,LA43258,85
37,LA43259,86
38,LA43260,87
39,LA43261,88
40,LA43262,89
41,LA43263,90
42,LA43264,91
43,LA43265,92
44,LA43266,93
45,LA43267,94
46,LA43268,95
47,LA43269,96
48,LA43270,97
49,LA43271,98
50,LA43272,99
51,LA43273,100
52,LA43274,101
53,LA43275,102
54,LA43276,103
55,LA43277,104
56,LA43278,105
57,LA43279,106
58,LA43280,107
59,LA43281,108
60,LA43282,109
61,LA43283,110
62,LA43284,111
63,LA43285,112
64,LA43286,113
65,LA43287,114
66,LA43288,115
67,LA43289,116
68,LA43290,117
69,LA43291,118
70,LA43292,119
71,LA43293,120
72,LA43294,121
73,LA43295,122
74,LA43296,123
75,LA43297,124
76,LA43298,125
77,LA43299,126
78,LA43300,127
79,LA43301,128
80,LA43302,129
81,LA43303,130
82,LA43304,131
83,LA43305,132
84,LA43306,133
85,LA43307,134
86,LA43308,135
87,LA43309,136
88,LA43310,137
89,LA43311,138
90,LA43312,139
91,LA43313,140
92,LA43314,141
93,LA43315,142
94,LA43316,143
95,LA43317,144
96,LA43318,145
97,LA43319,146
98,LA43320,147
99,LA43321,148
100,LA43322,149
101,LA43323,150
102,LA43324,151
103,LA43325,152
104,LA43326,153
105,LA43327,154
106,LA43328,155
107,LA43329,156
108,LA43330,157
109,LA43331,158
110,LA43332,159
111,LA43333,160
112,LA43334,161
113,LA43335,162
114,LA43336,163
115,LA43337,164
116,LA43338,165
117,LA43339,166
118,LA43340,167
119,LA43341,168
120,LA43342,169
121,LA43343,170
122,LA43344,171
123,LA43345,172
124,LA43346,173
125,LA43347,174
126,LA43348,175
127,LA43349,176
128,LA43350,177
129,LA43351,178
130,LA43352,179
131,LA43353,180
132,LA43354,181
133,LA43355,182
134,LA43356,183
135,LA43357,184
136,LA43358,185
137,LA43359,186
138,LA43360,187
139,LA43361,188
140,LA43362,189
141,LA43363,190
142,LA43364,191
143,LA43365,192
144,LA43366,193
145,LA43367,194
146,LA43368,195
147,LA43369,196
148,LA43370,197
149,LA43371,198
150,LA43372,199
151,LA43373,200
152,LA43374,201
153,LA43375,202
154,LA43376,203
155,LA43377,204
156,LA43378,205
157,LA43379,206
158,LA43380,207
159,LA43381,208
160,LA43382,209
161,LA43383,210
162,LA43384,211
163,LA43385,212
164,LA43386,213
165,LA43387,214
166,LA43388,215
167,LA43389,216
168,LA43390,217
169,LA43391,218
170,LA43392,219
171,LA43393,220
172,LA43394,221
173,LA43395,222
174,LA43396,223
175,LA43397,224
176,LA43398,225
177,LA43399,226
178,LA43400,227
179,LA43401,228
180,LA43402,229
181,LA43403,230
182,LA43404,231
183,LA43405,232
184,LA43406,233
185,LA43407,234
186,LA43408,235
187,LA43409,236
188,LA43410,237
189,LA43411,238
190,LA43412,239
191,LA43413,240
192,LA43414,241
193,LA43415,242
194,LA43416,243
195,LA43417,244
196,LA43418,245
197,LA43419,246
198,LA43420,247
199,LA43421,248
200,LA43422,249
201,LA43423,250
202,LA43424,251
203,LA43425,252
204,LA43426,253
205,LA43427,254
206,LA43428,255
207,LA43429,256
208,LA43430,257
209,LA43431,258
210,LA43432,259
211,LA43433,260
212,LA43434,261
213,LA43435,262
214,LA43436,263
215,LA43437,264
216,LA43438,265
217,LA43439,266
218,LA43440,267
219,LA43441,268
220,LA43442,269
221,LA43443,270
222,LA43444,271
223,LA43445,272
224,LA43446,273
225,LA43447,274
226,LA43448,275
227,LA43449,276
228,LA43450,277
229,LA43451,278
230,LA43452,279
231,LA43453,280
232,LA43454,281
233,LA43455,282
234,LA43456,283
235,LA43457,284
236,LA43458,285
237,LA43459,286
238,LA43460,287
239,LA43461,288
240,LA43462,289
241,LA43463,290
242,LA43464,291
243,LA43465,292
244,LA43466,293
245,LA43467,294
246,LA43468,295
247,LA43469,296
248,LA43470,297
249,LA43471,298
250,LA43472,299
251,LA43473,300
252,LA43474,301
253,LA43475,302
254,LA43476,303
255,LA43477,304
256,LA43478,305
257,LA43479,306
258,LA43480,307
259,LA43481,308
260,LA43482,309
261,LA43483,310
262,LA43484,311
263,LA43485,312
264,LA43486,313
265,LA43487,314
266,LA43488,315
267,LA43489,316
268,LA43490,317
269,LA43491,318
270,LA43492,319
271,LA43493,320
272,LA43494,321
273,LA43495,322
274,LA43496,323
275,LA43497,324
276,LA43498,325
277,LA43499,326
278,LA43500,327
279,LA43501,328
280,LA43502,329
281,LA43503,330
282,LA43504,331
283,LA43505,332
284,LA43506,333
285,LA43507,334
286,LA43508,335
287,LA43509,336
288,LA43510,337
289,LA43511,338
290,LA43512,339
291,LA43513,340
292,LA43514,341
293,LA43515,342
294,LA43516,343
295,LA43517,344
296,LA43518,345
297,LA43519,346
298,LA43520,347
299,LA43521,348
300,LA43522,349
301,LA43523,350
302,LA43524,351
303,LA43525,352
304,LA43526,353
305,LA43527,354
306,LA43528,355
307,LA43529,356
308,LA43530,357
309,LA43531,358
310,LA43532,359
311,LA43533,360
312,LA43534,361
313,LA43535,362
314,LA43536,363
315,LA43537,364
316,LA43538,365
317,LA43539,366
318,LA43540,367
319,LA43541,368
320,LA43542,369
321,LA43543,370
322,LA43544,371
323,LA43545,372
324,LA43546,373
325,LA43547,374
326,LA43548,375
327,LA43549,376
328,LA43550,377
329,LA43551,378
330,LA43552,379
331,LA43553,380
332,LA43554,381
333,LA43555,382
334,LA43556,383
335,LA43557,384
336,LA43558,385
337,LA43559,386
338,LA43560,387
339,LA43561,388
340,LA43562,389
341,LA43563,390
342,LA43564,391
343,LA43565,392
344,LA43566,393
345,LA43567,394
346,LA43568,395
347,LA43569,396
348,LA43570,397
349,LA43571,398
350,LA43572,399
351,LA43573,400
352,LA43574,401
353,LA43575,402
354,LA43576,403
355,LA43577,404
356,LA43578,405
357,LA43579,406
358,LA43580,407
359,LA43581,408
360,LA43582,409
361,LA43583,410
362,LA43584,411
363,LA43585,412
364,LA43586,413
365,LA43587,414
366,LA43588,415
367,LA43589,416
368,LA43590,417
369,LA43591,418
370,LA43592,419
371,LA43593,420
372,LA43594,421
373,LA43595,422
374,LA43596,423
375,LA43597,424
376,LA43598,425
377,LA43599,426
378,LA43600,427
379,LA43601,428
380,LA43602,429
381,LA43603,430
382,LA43604,431
383,LA43605,432
384,LA43606,433
385,LA43607,434
386,LA43608,435
387,LA43609,436
388,LA43610,437
389,LA43611,438
390,LA43612,439
391,LA43613,440
392,LA43614,441
393,LA43615,442
394,LA43616,443
395,LA43617,444
396,LA43618,445
397,LA43619,446
398,LA43620,447
399,LA43621,448
400,LA43622,449
401,LA43623,450
402,LA43624,451
403,LA43625,452
404,LA43626,453
405,LA43627,454
406,LA43628,455
407,LA43629,456
408,LA43630,457
409,LA43631,458
410,LA43632,459
411,LA43633,460
412,LA43634,461
413,LA43635,462
414,LA43636,463
415,LA43637,464
416,LA43638,465
417,LA43639,466
418,LA43640,467
419,LA43641,468
420,LA43642,469
421,LA43643,470
422,LA43644,471
423,LA43645,472
424,LA43646,473
425,LA43647,474
426,LA43648,475
427,LA43649,476
428,LA43650,477
429,LA43651,478
430,LA43652,479
431,LA43653,480
432,LA43654,481
433,LA43655,482
434,LA43656,483
435,LA43657,484
436,LA43658,485
437,LA43659,486
438,LA43660,487
439,LA43661,488
440,LA43662,489
441,LA43663,490
442,LA43664,491
443,LA43665,492
444,LA43666,493
445,LA43667,494
446,LA43668,495
447,LA43669,496
448,LA43670,497
449,LA43671,498
450,LA43672,499
451,LA43673,500
452,LA43674,501
453,LA43675,502
454,LA43676,503
455,LA43677,504
456,LA43678,505
457,LA43679,506
458,LA43680,507
459,LA43681,508
460,LA43682,509
461,LA43683,510
462,LA43684,511
463,LA43685,512
464,LA43686,513
465,LA43687,514
466,LA43688,515
467,LA43689,516
468,LA43690,517
469,LA43691,518
470,LA43692,519
471,LA43693,520
472,LA43694,521
473,LA43695,522
474,LA43696,523
475,LA43697,524
476,LA43698,525
477,LA43699,526
478,LA43700,527
479,LA43701,528
480,LA43702,529
481,LA43703,530
482,LA43704,531
483,LA43705,532
484,LA43706,533
485,LA43707,534
486,LA43708,535
487,LA43709,536
488,LA43710,537
489,LA43711,538
490,LA43712,539
491,LA43713,540
492,LA43714,541
493,LA43715,542
494,LA43716,543
495,LA43717,544
496,LA43718,545
497,LA43719,546
498,LA43720,547
499,LA43721,548
500,LA43722,549
501,LA43723,550
502,LA43724,551
503,LA43725,552
504,LA43726,553
505,LA43727,554
506,LA43728,555
507,LA43729,556
508,LA43730,557
509,LA43731,558
